<?xml version="1.0"
      encoding="iso-8859-1" ?>

<!-- $Id: license-bsd.xml,v 1.3 2004/06/07 02:12:14 rcleveng Exp $ -->

<title>The Jalopy BSD License</title>

<indexterm><primary>Software License</primary></indexterm>
<indexterm><primary>Licenses</primary><secondary>BSD</secondary></indexterm>

<para>
Copyright (c) 2001-2004, Marco Hunsicker. All rights reserved.
</para>

<para>
Redistribution and use in source and binary forms, with or without
modification, are permitted provided that the following conditions
are met:
</para>

<itemizedlist>
<listitem>
<para>
Redistributions of source code must retain the above copyright notice, this list of conditions and the following disclaimer.
</para>
</listitem>

<listitem>
<para>
Redistributions in binary form must reproduce the above copyright notice, this list of conditions and the following disclaimer in the documentation and/or other materials provided with the distribution.
</para>
</listitem>

<listitem>
<para>
Neither the name of the Jalopy Group nor the names of its contributors may be used to endorse or promote products derived from this software without specific prior written permission.
</para>
</listitem>
</itemizedlist>

<para>
THIS SOFTWARE IS PROVIDED BY THE COPYRIGHT HOLDERS AND CONTRIBUTORS "AS IS" AND ANY EXPRESSED OR IMPLIED WARRANTIES, INCLUDING, BUT NOT LIMITED TO, THE IMPLIED WARRANTIES OF MERCHANTABILITY AND FITNESS FOR A PARTICULAR PURPOSE ARE DISCLAIMED. IN NO EVENT SHALL THE COPYRIGHT OWNER OR CONTRIBUTORS BE LIABLE FOR ANY DIRECT, INDIRECT, INCIDENTAL, SPECIAL, EXEMPLARY, OR CONSEQUENTIAL DAMAGES (INCLUDING, BUT NOT LIMITED TO, PROCUREMENT OF SUBSTITUTE GOODS OR SERVICES; LOSS OF USE, DATA, OR PROFITS; OR BUSINESS INTERRUPTION) HOWEVER CAUSED AND ON ANY THEORY OF LIABILITY, WHETHER IN CONTRACT, STRICT LIABILITY, OR TORT (INCLUDING NEGLIGENCE OR OTHERWISE) ARISING IN ANY WAY OUT OF THE USE OF THIS SOFTWARE, EVEN IF ADVISED OF THE POSSIBILITY OF SUCH DAMAGE.
</para> 