<?xml version="1.0"
      encoding="iso-8859-1" ?>

<!-- $Id: plugin-netbeans.xml,v 1.4 2002/11/11 20:13:40 marcohu Exp $ -->
<!-- Contains the documentaion for the NetBeans Plug-in -->

<title>NetBeans/Sun ONE Studio module</title>

<indexterm><primary>NetBeans</primary></indexterm>
<indexterm><primary>Sun ONE Studio</primary></indexterm>
<indexterm><primary>Module</primary><secondary>NetBeans</secondary></indexterm>
<indexterm><primary>Module</primary><secondary>Sun ONE Studio</secondary></indexterm>
<indexterm><primary>Plug-in</primary><secondary>NetBeans</secondary></indexterm>

<para>
Describes the installation and usage of the Jalopy NetBeans/Sun ONE Studio Plug-in module.
</para>

<sect1 id="plugin-netbeans-installation">
<title>Installation</title>

<para>
Explains the steps involved to install the NetBeans Plug-in module.
</para>

<sect3 id="plugin-netbeans-installation-requirements">
<title>System requirements</title>
<para>
The Plug-in requires NetBeans 3.3 (or above) or Sun ONE Studio 4. It has only been
tested with NetBeans 3.4.
See <xref linkend="installation-requirements" /> for the basic requirements
to run Jalopy.
</para>

<para>
To obtain more information about this
powerful IDE, visit the official NetBeans homepage:
<ulink url="http://www.netbeans.org/">http://www.netbeans.org/</ulink> or the Sun ONE Studio
pages at Sun:
<ulink url="http://wwws.sun.com/software/sundev/jde/index.html">http://wwws.sun.com/software/sundev/jde/</ulink>
</para>
</sect3>

<sect3 id="plugin-netbeans-installation-installation">
<title>Installation</title>
<indexterm zone="plugin-netbeans-installation-installation"><primary>Installation</primary><secondary>NetBeans Module</secondary></indexterm>
<indexterm zone="plugin-netbeans-installation-installation"><primary>Installation</primary><secondary>Sun ONE Studio Module</secondary></indexterm>
<para>
The Plug-in comes either as a single <filename>.zip</filename> or compressed
<filename>.tar</filename> file. Unzipping either one of these files into a directory
of your choice (referred to as <replaceable>&lt;INST_DIR&gt;</replaceable>)
will produce two subdirectories <filename>/docs</filename> and
<filename>/lib</filename>.
</para>

<para>
<screen>
..
  docs/      contains the documentation
  lib/       contains all necessary libraries
</screen>
</para>

<para>
Now follow these steps to install the Jalopy Plug-in:
</para>

<orderedlist>
<listitem>
<para>
Start NetBeans/Sun ONE Studio.
</para>
</listitem>

<listitem>
<para>
Open the Update Center Wizard by selecting
<menuchoice>
<guimenu><accel>T</accel>ools</guimenu>
<guimenuitem><accel>U</accel>pdate Center...</guimenuitem>
</menuchoice>
(You need to have the Auto Update module enabled for this to work).
</para>
</listitem>

<listitem>
<para>
On the first page 'Select Location of modules', choose 'Install Manually
Downloaded Modules (.nbm Files)', select the <filename>.nbm</filename> contained
in <filename><replaceable>&lt;INST_DIR&gt;</replaceable>/lib</filename> and
proceed through all steps of the wizard as outlined.
</para>
</listitem>
</orderedlist>
</sect3>
</sect1>

<sect1 id="plugin-netbeans-integration">
<title>Integration</title>

<para>
Shows how the Plug-in is integrated into the NetBeans IDE.
</para>

<sect3>
<title>Workspace main menu</title>
<para>
The software adds two new menu items into the main menu of the current
Workspace to seamlessly integrate with NetBeans:
</para>

<itemizedlist>
<listitem>
<para>
<menuchoice>
  <shortcut>
    <keycombo><keysym>Ctrl</keysym><keysym>Shift</keysym><keysym>F10</keysym></keycombo>
  </shortcut>
  <guimenu><accel>B</accel>uild</guimenu>
  <guimenuitem>Forma<accel>t</accel> [All]</guimenuitem>
</menuchoice>.
</para>
<para>
Formats the currently selected node(s).
</para>
<para>
Only available if there are indeed nodes selected which represents or contains
Java source files.
</para>
</listitem>

<listitem>
<para>
<menuchoice>
  <guimenu><accel>T</accel>ools</guimenu>
  <guimenuitem><accel>J</accel>alopy Options...</guimenuitem>
</menuchoice>.
</para>
<para>
Displays the Jalopy settings dialog.
</para>
<para>
Use this item if you want to change your settings to control the
layout of any formatted code.
</para>
</listitem>
</itemizedlist>
<para/>
</sect3>


<sect3>
<title>Explorer popup-menu</title>
<para>
The <guimenuitem>Format [All]</guimenuitem> item can be also reached via the
popup menu of the Explorer. Note that the item only appears for folder nodes
or plain Java source files. It does not work for form based nodes.
</para>

<para>
If it happens that a file has an open editor view, this view will be updated,
not the actual file. You have to save the view first to see the physical file
updated.
</para>
</sect3>
</sect1>

<sect1 id="plugin-netbeans-license">
<title>License</title>
<para>
The NetBeans Plug-in is &quot;<emphasis role="bold"><ulink url="http://opensource.org/docs/certification_mark.php">OSI Certified Open Source Software</ulink></emphasis>&quot;,
released under the Sun Public License. See <xref linkend="license-sun-public" />
for more information.
</para>

<para>
See <xref linkend="license-bsd" /> for the Jalopy license
and refer to <xref linkend="dependencies" /> for the license terms of the accompanying 3rd party libraries.
</para>
</sect1>