<project xmlns="http://maven.apache.org/DECORATION/1.0.0"
    xmlns:xsi="http://www.w3.org/2001/XMLSchema-instance"
    xsi:schemaLocation="http://maven.apache.org/DECORATION/1.0.0 http://maven.apache.org/xsd/decoration-1.0.0.xsd">
  <body>
    <menu name="Overview">
      <item name="Introduction" href="index.html"/>
      <item name="Old docs" href="manual/manual-docbkx/manual-docbkx.html"/>
    </menu>

    <menu name="Examples">
      <item name="Creating Content" href="/examples/creating-content.html"/>
    </menu>
    <menu ref="reports"/>
    
  </body>
</project>
