<?xml version="1.0"
      encoding="iso-8859-1" ?>

<!-- $Id: _keywords.xml,v 1.2 2002/10/24 16:59:21 marcohu Exp $ -->
<!-- This file contains the keywords to be included in all documents -->

<keywordset>
<keyword>Java</keyword>
<keyword>convention</keyword>
<keyword>source</keyword>
<keyword>code</keyword>
<keyword>formatter</keyword>
<keyword>beautifier</keyword>
<keyword>pretty</keyword>
<keyword>printer</keyword>
<keyword>format</keyword>
<keyword>beautify</keyword>
<keyword>layout</keyword>
<keyword>coding</keyword>
<keyword>open</keyword>
<keyword>style</keyword>
<keyword>standard</keyword>
<keyword>transform</keyword>
<keyword>parser</keyword>
<keyword>Sun</keyword>
<keyword>ANTLR</keyword>
<keyword>Ant</keyword>
<keyword>Eclipse</keyword>
<keyword>JBuilder</keyword>
<keyword>NetBeans</keyword>
<keyword>jEdit</keyword>
<keyword>jakarta</keyword>
<keyword>JDeveloper</keyword>
<keyword>generator</keyword>
<keyword>generation</keyword>
<keyword>JDE</keyword>
<keyword>maven</keyword>
</keywordset>