<?xml version="1.0"?>

<!-- $Id: contributors.xml,v 1.3 2002/11/11 20:13:40 marcohu Exp $ -->
<!-- Lists of contributors -->

<!DOCTYPE book PUBLIC "-//OASIS//DTD DocBook XML V4.2//EN"
          "http://www.oasis-open.org/docbook/xml/4.2/docbookx.dtd"
  [ <!ENTITY keywords SYSTEM "_keywords.xml"> ] >

<article>
<articleinfo>
<title>Jalopy - Contributors</title>
&keywords;
</articleinfo>

<simplesect id="contributors">
<title>Contributors</title>

<para>
The following people have contributed to the Jalopy project:
</para>

<itemizedlist mark="square">
<listitem>
Michael Callum
</listitem>
<listitem>
Frank Klomp
</listitem>
<listitem>
Larry Hamel
</listitem>
<listitem>
Roman Sarychev
</listitem>
<listitem>
Denis N. Antonioli
</listitem>
<listitem>
David Beutel
</listitem>
<listitem>
Kees Kuip
</listitem>
</itemizedlist>
</simplesect>
</article>